2025-04-20 15:00:00,2025-04-20 16:00:00,WN,252,251,1,0,4.56,0.40,14.74
2025-04-20 15:00:00,2025-04-20 16:00:00,AA,142,141,0,1,16.12,0.00,28.17
2025-04-20 15:00:00,2025-04-20 16:00:00,DL,194,193,0,1,7.51,0.00,15.46
2025-04-20 15:00:00,2025-04-20 16:00:00,UA,102,100,0,2,44.97,0.00,28.43
2025-04-20 16:00:00,2025-04-20 17:00:00,AA,150,149,0,1,27.34,0.00,29.33
2025-04-20 16:00:00,2025-04-20 17:00:00,UA,140,138,1,1,31.05,0.71,23.74
2025-04-20 16:00:00,2025-04-20 17:00:00,DL,141,141,0,0,8.19,0.00,17.73
2025-04-20 16:00:00,2025-04-20 17:00:00,WN,233,233,0,0,7.53,0.00,13.73
2025-04-20 17:00:00,2025-04-20 18:00:00,WN,231,231,0,0,9.60,0.00,20.35
2025-04-20 17:00:00,2025-04-20 18:00:00,UA,134,132,1,1,17.37,0.75,23.31
2025-04-20 17:00:00,2025-04-20 18:00:00,AA,163,163,0,0,18.85,0.00,30.67
2025-04-20 17:00:00,2025-04-20 18:00:00,DL,183,183,0,0,11.11,0.00,19.13
2025-04-20 18:00:00,2025-04-20 19:00:00,WN,245,244,0,1,13.19,0.00,22.45
2025-04-20 18:00:00,2025-04-20 19:00:00,AA,169,169,0,0,22.62,0.00,27.22
2025-04-20 18:00:00,2025-04-20 19:00:00,DL,175,175,0,0,9.85,0.00,14.29
2025-04-20 18:00:00,2025-04-20 19:00:00,UA,143,143,0,0,34.01,0.00,30.07
2025-04-20 19:00:00,2025-04-20 20:00:00,AA,161,161,0,0,34.69,0.00,29.81
2025-04-20 19:00:00,2025-04-20 20:00:00,DL,182,182,0,0,10.03,0.00,21.98
2025-04-20 19:00:00,2025-04-20 20:00:00,WN,245,244,0,1,14.98,0.00,26.12
2025-04-20 19:00:00,2025-04-20 20:00:00,UA,139,139,0,0,33.96,0.00,37.41
2025-04-20 20:00:00,2025-04-20 21:00:00,DL,121,120,1,0,7.32,0.83,21.67
2025-04-20 20:00:00,2025-04-20 21:00:00,WN,277,277,0,0,10.70,0.00,21.30
2025-04-20 20:00:00,2025-04-20 21:00:00,UA,86,85,1,0,65.41,1.16,61.18
2025-04-20 20:00:00,2025-04-20 21:00:00,AA,136,136,0,0,28.60,0.00,35.29
2025-04-20 21:00:00,2025-04-20 22:00:00,AA,88,87,0,1,21.28,0.00,30.68
2025-04-20 21:00:00,2025-04-20 22:00:00,DL,101,101,0,0,6.58,0.00,16.83
2025-04-20 21:00:00,2025-04-20 22:00:00,UA,63,63,0,0,31.89,0.00,38.10
2025-04-20 21:00:00,2025-04-20 22:00:00,WN,181,181,0,0,15.39,0.00,29.83
2025-04-20 22:00:00,2025-04-20 23:00:00,UA,37,37,0,0,40.19,0.00,27.03
2025-04-20 22:00:00,2025-04-20 23:00:00,WN,142,142,0,0,11.47,0.00,23.94
2025-04-20 22:00:00,2025-04-20 23:00:00,AA,115,115,0,0,23.85,0.00,22.61
2025-04-20 22:00:00,2025-04-20 23:00:00,DL,117,117,0,0,4.62,0.00,15.38
2025-04-20 23:00:00,2025-04-21 00:00:00,AA,33,33,0,0,12.76,0.00,33.33
2025-04-20 23:00:00,2025-04-21 00:00:00,WN,7,7,0,0,0.86,0.00,14.29
2025-04-20 23:00:00,2025-04-21 00:00:00,UA,36,36,0,0,2.56,0.00,11.11
2025-04-20 23:00:00,2025-04-21 00:00:00,DL,35,35,0,0,-0.23,0.00,8.57
2025-04-21 00:00:00,2025-04-21 01:00:00,DL,8,8,0,0,-1.25,0.00,12.50
2025-04-21 00:00:00,2025-04-21 01:00:00,UA,8,8,0,0,7.62,0.00,25.00
2025-04-21 00:00:00,2025-04-21 01:00:00,AA,9,9,0,0,3.78,0.00,22.22
2025-04-21 01:00:00,2025-04-21 02:00:00,AA,1,1,0,0,-4.00,0.00,0.00
2025-04-21 01:00:00,2025-04-21 02:00:00,UA,2,2,0,0,22.00,0.00,50.00
2025-04-21 01:00:00,2025-04-21 02:00:00,DL,2,2,0,0,-20.00,0.00,0.00
2025-04-21 05:00:00,2025-04-21 06:00:00,AA,111,111,0,0,23.49,0.00,10.81
2025-04-21 05:00:00,2025-04-21 06:00:00,WN,213,208,0,5,-1.13,0.00,3.29
2025-04-21 05:00:00,2025-04-21 06:00:00,DL,76,76,0,0,8.97,0.00,6.58
2025-04-21 05:00:00,2025-04-21 06:00:00,UA,44,44,0,0,18.25,0.00,15.91
2025-04-21 06:00:00,2025-04-21 07:00:00,DL,189,189,0,0,-0.83,0.00,4.76
2025-04-21 06:00:00,2025-04-21 07:00:00,AA,197,196,0,1,9.96,0.00,10.15
2025-04-21 06:00:00,2025-04-21 07:00:00,UA,133,132,1,0,6.76,0.75,11.36
2025-04-21 06:00:00,2025-04-21 07:00:00,WN,282,274,0,8,1.32,0.00,4.96
2025-04-21 07:00:00,2025-04-21 08:00:00,AA,231,231,0,0,8.25,0.00,10.82
2025-04-21 07:00:00,2025-04-21 08:00:00,UA,199,198,0,1,15.90,0.00,18.09
2025-04-21 07:00:00,2025-04-21 08:00:00,WN,278,275,0,3,12.93,0.00,10.79
2025-04-21 07:00:00,2025-04-21 08:00:00,DL,245,245,0,0,0.40,0.00,6.94
2025-04-21 08:00:00,2025-04-21 09:00:00,AA,204,204,0,0,4.74,0.00,12.75
2025-04-21 08:00:00,2025-04-21 09:00:00,WN,240,239,1,0,17.75,0.42,13.81
2025-04-21 08:00:00,2025-04-21 09:00:00,DL,196,195,0,1,2.51,0.00,8.16
2025-04-21 08:00:00,2025-04-21 09:00:00,UA,162,162,0,0,9.56,0.00,14.20
2025-04-21 09:00:00,2025-04-21 10:00:00,AA,135,135,0,0,13.19,0.00,19.26
2025-04-21 09:00:00,2025-04-21 10:00:00,DL,138,138,0,0,0.96,0.00,8.70
2025-04-21 09:00:00,2025-04-21 10:00:00,WN,237,237,0,0,17.42,0.00,15.61
2025-04-21 09:00:00,2025-04-21 10:00:00,UA,140,140,0,0,16.64,0.00,25.71
2025-04-21 10:00:00,2025-04-21 11:00:00,DL,160,160,0,0,1.46,0.00,10.00
2025-04-21 10:00:00,2025-04-21 11:00:00,UA,132,131,1,0,16.17,0.76,26.72
2025-04-21 10:00:00,2025-04-21 11:00:00,AA,158,158,0,0,10.57,0.00,20.89
2025-04-21 10:00:00,2025-04-21 11:00:00,WN,241,238,3,0,23.06,1.24,20.59
2025-04-21 11:00:00,2025-04-21 12:00:00,AA,168,168,0,0,12.33,0.00,22.02
2025-04-21 11:00:00,2025-04-21 12:00:00,WN,246,241,5,0,22.17,2.03,22.41
2025-04-21 11:00:00,2025-04-21 12:00:00,DL,217,216,1,0,4.43,0.46,14.81
2025-04-21 11:00:00,2025-04-21 12:00:00,UA,124,123,1,0,21.20,0.81,27.64
2025-04-21 12:00:00,2025-04-21 13:00:00,AA,148,148,0,0,11.11,0.00,23.65
2025-04-21 12:00:00,2025-04-21 13:00:00,DL,187,187,0,0,8.93,0.00,15.51
2025-04-21 12:00:00,2025-04-21 13:00:00,WN,237,231,5,1,23.52,2.11,25.43
2025-04-21 12:00:00,2025-04-21 13:00:00,UA,121,121,0,0,25.12,0.00,30.58
2025-04-21 13:00:00,2025-04-21 14:00:00,DL,154,153,0,1,3.66,0.00,9.09
2025-04-21 13:00:00,2025-04-21 14:00:00,UA,123,123,0,0,12.93,0.00,19.51
2025-04-21 13:00:00,2025-04-21 14:00:00,AA,147,146,0,1,22.79,0.00,22.45
2025-04-21 13:00:00,2025-04-21 14:00:00,WN,249,249,0,0,23.65,0.00,28.11
2025-04-21 14:00:00,2025-04-21 15:00:00,WN,229,229,0,0,27.06,0.00,30.57
2025-04-21 14:00:00,2025-04-21 15:00:00,UA,128,128,0,0,22.25,0.00,30.47
2025-04-21 14:00:00,2025-04-21 15:00:00,AA,152,152,0,0,10.39,0.00,25.66
2025-04-21 14:00:00,2025-04-21 15:00:00,DL,156,155,0,1,11.29,0.00,17.31
2025-04-21 15:00:00,2025-04-21 16:00:00,WN,230,230,0,0,26.69,0.00,34.35
2025-04-21 15:00:00,2025-04-21 16:00:00,AA,144,144,0,0,19.92,0.00,33.33
2025-04-21 15:00:00,2025-04-21 16:00:00,DL,193,193,0,0,10.74,0.00,15.54
2025-04-21 15:00:00,2025-04-21 16:00:00,UA,102,101,0,1,18.06,0.00,21.57
2025-04-21 16:00:00,2025-04-21 17:00:00,UA,138,138,0,0,18.78,0.00,26.81
2025-04-21 16:00:00,2025-04-21 17:00:00,WN,230,230,0,0,31.53,0.00,38.70
2025-04-21 16:00:00,2025-04-21 17:00:00,AA,149,148,0,1,22.94,0.00,29.53
2025-04-21 16:00:00,2025-04-21 17:00:00,DL,144,144,0,0,9.41,0.00,18.06
2025-04-21 17:00:00,2025-04-21 18:00:00,AA,163,163,0,0,16.77,0.00,25.15
2025-04-21 17:00:00,2025-04-21 18:00:00,WN,243,242,1,0,28.83,0.41,39.67
2025-04-21 17:00:00,2025-04-21 18:00:00,DL,186,186,0,0,6.44,0.00,15.59
2025-04-21 17:00:00,2025-04-21 18:00:00,UA,133,133,0,0,16.29,0.00,24.06
2025-04-21 18:00:00,2025-04-21 19:00:00,AA,170,169,0,1,24.25,0.00,31.18
2025-04-21 18:00:00,2025-04-21 19:00:00,UA,137,136,1,0,30.29,0.73,30.88
2025-04-21 18:00:00,2025-04-21 19:00:00,WN,274,273,1,0,25.51,0.36,35.90
2025-04-21 18:00:00,2025-04-21 19:00:00,DL,176,176,0,0,8.68,0.00,22.73
2025-04-21 19:00:00,2025-04-21 20:00:00,UA,137,137,0,0,15.21,0.00,29.20
2025-04-21 19:00:00,2025-04-21 20:00:00,AA,161,161,0,0,14.52,0.00,31.06
2025-04-21 19:00:00,2025-04-21 20:00:00,DL,178,178,0,0,13.76,0.00,24.72
2025-04-21 19:00:00,2025-04-21 20:00:00,WN,253,252,1,0,27.57,0.40,35.32
2025-04-21 20:00:00,2025-04-21 21:00:00,AA,136,136,0,0,17.06,0.00,27.21
2025-04-21 20:00:00,2025-04-21 21:00:00,WN,200,200,0,0,25.31,0.00,35.00
2025-04-21 20:00:00,2025-04-21 21:00:00,DL,121,121,0,0,8.46,0.00,19.83
2025-04-21 20:00:00,2025-04-21 21:00:00,UA,81,81,0,0,24.11,0.00,38.27
2025-04-21 21:00:00,2025-04-21 22:00:00,AA,87,87,0,0,18.47,0.00,27.59
2025-04-21 21:00:00,2025-04-21 22:00:00,DL,105,105,0,0,8.04,0.00,23.81
2025-04-21 21:00:00,2025-04-21 22:00:00,WN,193,193,0,0,21.40,0.00,38.86
2025-04-21 21:00:00,2025-04-21 22:00:00,UA,55,55,0,0,6.65,0.00,21.82
2025-04-21 22:00:00,2025-04-21 23:00:00,DL,115,115,0,0,5.18,0.00,17.39
2025-04-21 22:00:00,2025-04-21 23:00:00,UA,33,33,0,0,3.15,0.00,15.15
2025-04-21 22:00:00,2025-04-21 23:00:00,AA,116,116,0,0,12.58,0.00,21.55
2025-04-21 22:00:00,2025-04-21 23:00:00,WN,16,16,0,0,9.06,0.00,31.25
2025-04-21 23:00:00,2025-04-22 00:00:00,AA,33,33,0,0,2.30,0.00,9.09
2025-04-21 23:00:00,2025-04-22 00:00:00,DL,33,33,0,0,6.15,0.00,21.21
2025-04-21 23:00:00,2025-04-22 00:00:00,UA,34,34,0,0,3.38,0.00,8.82
2025-04-21 23:00:00,2025-04-22 00:00:00,WN,6,6,0,0,-1.50,0.00,0.00
2025-04-22 00:00:00,2025-04-22 01:00:00,DL,8,8,0,0,-3.75,0.00,12.50
2025-04-22 00:00:00,2025-04-22 01:00:00,UA,8,8,0,0,1.25,0.00,12.50
2025-04-22 00:00:00,2025-04-22 01:00:00,AA,9,9,0,0,1.00,0.00,11.11
2025-04-22 01:00:00,2025-04-22 02:00:00,AA,1,1,0,0,2.00,0.00,0.00
2025-04-22 01:00:00,2025-04-22 02:00:00,UA,1,1,0,0,22.00,0.00,100.00
2025-04-22 01:00:00,2025-04-22 02:00:00,DL,2,2,0,0,11.50,0.00,50.00
2025-04-22 05:00:00,2025-04-22 06:00:00,AA,104,104,0,0,27.20,0.00,8.65
2025-04-22 05:00:00,2025-04-22 06:00:00,UA,38,38,0,0,-3.21,0.00,2.63
2025-04-22 05:00:00,2025-04-22 06:00:00,WN,91,91,0,0,-3.31,0.00,0.00
2025-04-22 05:00:00,2025-04-22 06:00:00,DL,76,76,0,0,-5.47,0.00,1.32
2025-04-22 06:00:00,2025-04-22 07:00:00,DL,189,189,0,0,-2.29,0.00,4.23
2025-04-22 06:00:00,2025-04-22 07:00:00,AA,189,189,0,0,6.17,0.00,3.70
2025-04-22 06:00:00,2025-04-22 07:00:00,WN,292,292,0,0,-1.75,0.00,2.74
2025-04-22 06:00:00,2025-04-22 07:00:00,UA,126,126,0,0,0.34,0.00,7.94
2025-04-22 07:00:00,2025-04-22 08:00:00,AA,214,214,0,0,2.43,0.00,7.94
2025-04-22 07:00:00,2025-04-22 08:00:00,UA,190,189,0,1,-1.69,0.00,6.84
2025-04-22 07:00:00,2025-04-22 08:00:00,WN,231,231,0,0,-2.55,0.00,1.30
2025-04-22 07:00:00,2025-04-22 08:00:00,DL,240,240,0,0,-0.80,0.00,4.58
2025-04-22 08:00:00,2025-04-22 09:00:00,DL,195,195,0,0,-0.45,0.00,5.64
2025-04-22 08:00:00,2025-04-22 09:00:00,AA,199,199,0,0,17.31,0.00,12.56
2025-04-22 08:00:00,2025-04-22 09:00:00,UA,159,159,0,0,-2.33,0.00,5.03
2025-04-22 08:00:00,2025-04-22 09:00:00,WN,296,296,0,0,-0.89,0.00,2.36
2025-04-22 09:00:00,2025-04-22 10:00:00,UA,141,141,0,0,5.83,0.00,9.93
2025-04-22 09:00:00,2025-04-22 10:00:00,WN,194,194,0,0,2.75,0.00,9.28
2025-04-22 09:00:00,2025-04-22 10:00:00,DL,139,139,0,0,-0.21,0.00,7.19
2025-04-22 09:00:00,2025-04-22 10:00:00,AA,141,141,0,0,5.61,0.00,12.77
2025-04-22 10:00:00,2025-04-22 11:00:00,WN,257,257,0,0,1.73,0.00,6.61
2025-04-22 10:00:00,2025-04-22 11:00:00,UA,128,128,0,0,0.25,0.00,10.16
2025-04-22 10:00:00,2025-04-22 11:00:00,AA,152,152,0,0,5.97,0.00,17.11
2025-04-22 10:00:00,2025-04-22 11:00:00,DL,157,157,0,0,0.01,0.00,8.28
2025-04-22 11:00:00,2025-04-22 12:00:00,WN,226,225,1,0,4.56,0.44,9.33
2025-04-22 11:00:00,2025-04-22 12:00:00,AA,162,162,0,0,1.47,0.00,10.49
2025-04-22 11:00:00,2025-04-22 12:00:00,DL,214,214,0,0,-0.84,0.00,6.07
2025-04-22 11:00:00,2025-04-22 12:00:00,UA,123,123,0,0,1.33,0.00,9.76
2025-04-22 12:00:00,2025-04-22 13:00:00,AA,144,144,0,0,5.70,0.00,9.72
2025-04-22 12:00:00,2025-04-22 13:00:00,DL,183,183,0,0,-0.54,0.00,6.01
2025-04-22 12:00:00,2025-04-22 13:00:00,WN,219,219,0,0,3.16,0.00,9.59
2025-04-22 12:00:00,2025-04-22 13:00:00,UA,119,119,0,0,1.34,0.00,8.40
2025-04-22 13:00:00,2025-04-22 14:00:00,DL,146,146,0,0,-1.24,0.00,5.48
2025-04-22 13:00:00,2025-04-22 14:00:00,WN,242,242,0,0,3.76,0.00,11.57
2025-04-22 13:00:00,2025-04-22 14:00:00,UA,123,123,0,0,6.56,0.00,13.82
2025-04-22 13:00:00,2025-04-22 14:00:00,AA,146,146,0,0,5.56,0.00,15.07
2025-04-22 14:00:00,2025-04-22 15:00:00,AA,144,144,0,0,9.56,0.00,13.89
2025-04-22 14:00:00,2025-04-22 15:00:00,DL,150,150,0,0,0.62,0.00,8.67
2025-04-22 14:00:00,2025-04-22 15:00:00,UA,125,125,0,0,2.75,0.00,8.80
2025-04-22 14:00:00,2025-04-22 15:00:00,WN,221,220,0,1,2.25,0.00,10.41
2025-04-22 15:00:00,2025-04-22 16:00:00,WN,223,223,0,0,5.29,0.00,13.90
2025-04-22 15:00:00,2025-04-22 16:00:00,AA,138,138,0,0,3.10,0.00,7.97
2025-04-22 15:00:00,2025-04-22 16:00:00,DL,185,185,0,0,0.37,0.00,8.65
2025-04-22 15:00:00,2025-04-22 16:00:00,UA,97,97,0,0,5.34,0.00,10.31
2025-04-22 16:00:00,2025-04-22 17:00:00,AA,142,142,0,0,18.85,0.00,22.54
2025-04-22 16:00:00,2025-04-22 17:00:00,UA,139,139,0,0,5.45,0.00,10.07
2025-04-22 16:00:00,2025-04-22 17:00:00,DL,127,126,0,1,2.38,0.00,9.45
2025-04-22 16:00:00,2025-04-22 17:00:00,WN,227,226,1,0,3.47,0.44,11.06
2025-04-22 17:00:00,2025-04-22 18:00:00,UA,126,126,0,0,2.66,0.00,9.52
2025-04-22 17:00:00,2025-04-22 18:00:00,AA,155,155,0,0,4.36,0.00,14.84
2025-04-22 17:00:00,2025-04-22 18:00:00,DL,177,177,0,0,-0.33,0.00,9.60
2025-04-22 17:00:00,2025-04-22 18:00:00,WN,248,248,0,0,5.24,0.00,16.13
2025-04-22 18:00:00,2025-04-22 19:00:00,AA,160,160,0,0,12.04,0.00,22.50
2025-04-22 18:00:00,2025-04-22 19:00:00,WN,253,253,0,0,2.63,0.00,11.86
2025-04-22 18:00:00,2025-04-22 19:00:00,DL,164,164,0,0,5.13,0.00,13.41
2025-04-22 18:00:00,2025-04-22 19:00:00,UA,119,119,0,0,6.58,0.00,15.13
2025-04-22 19:00:00,2025-04-22 20:00:00,AA,152,151,0,1,9.84,0.00,17.76
2025-04-22 19:00:00,2025-04-22 20:00:00,UA,127,127,0,0,0.77,0.00,11.81
2025-04-22 19:00:00,2025-04-22 20:00:00,WN,245,245,0,0,3.28,0.00,13.88
2025-04-22 19:00:00,2025-04-22 20:00:00,DL,130,130,0,0,-0.76,0.00,9.23
2025-04-22 20:00:00,2025-04-22 21:00:00,UA,76,76,0,0,2.49,0.00,14.47
2025-04-22 20:00:00,2025-04-22 21:00:00,AA,132,131,0,1,8.64,0.00,18.94
2025-04-22 20:00:00,2025-04-22 21:00:00,DL,98,98,0,0,4.96,0.00,15.31
2025-04-22 20:00:00,2025-04-22 21:00:00,WN,191,191,0,0,0.83,0.00,7.85
2025-04-22 21:00:00,2025-04-22 22:00:00,AA,82,82,0,0,3.96,0.00,12.20
2025-04-22 21:00:00,2025-04-22 22:00:00,UA,38,38,0,0,1.50,0.00,7.89
2025-04-22 21:00:00,2025-04-22 22:00:00,DL,82,82,0,0,1.71,0.00,8.54
2025-04-22 21:00:00,2025-04-22 22:00:00,WN,95,95,0,0,0.91,0.00,6.32
2025-04-22 22:00:00,2025-04-22 23:00:00,AA,103,103,0,0,3.57,0.00,9.71
2025-04-22 22:00:00,2025-04-22 23:00:00,DL,106,105,0,1,1.00,0.00,8.49
2025-04-22 22:00:00,2025-04-22 23:00:00,UA,33,33,0,0,-3.79,0.00,6.06
2025-04-22 22:00:00,2025-04-22 23:00:00,WN,7,7,0,0,-0.86,0.00,0.00
2025-04-22 23:00:00,2025-04-23 00:00:00,WN,6,6,0,0,-1.00,0.00,0.00
2025-04-22 23:00:00,2025-04-23 00:00:00,AA,31,29,0,2,16.32,0.00,16.13
2025-04-22 23:00:00,2025-04-23 00:00:00,DL,29,29,0,0,-3.28,0.00,3.45
2025-04-22 23:00:00,2025-04-23 00:00:00,UA,31,31,0,0,3.42,0.00,6.45
2025-04-23 00:00:00,2025-04-23 01:00:00,UA,7,7,0,0,-3.57,0.00,0.00
2025-04-23 00:00:00,2025-04-23 01:00:00,AA,7,6,0,1,-3.14,0.00,0.00
2025-04-23 00:00:00,2025-04-23 01:00:00,DL,4,4,0,0,3.00,0.00,25.00
2025-04-23 01:00:00,2025-04-23 02:00:00,AA,1,1,0,0,-13.00,0.00,0.00
2025-04-23 01:00:00,2025-04-23 02:00:00,UA,1,1,0,0,-4.00,0.00,0.00
2025-04-23 01:00:00,2025-04-23 02:00:00,DL,2,2,0,0,-7.00,0.00,0.00
2025-04-23 05:00:00,2025-04-23 06:00:00,UA,38,38,0,0,-2.00,0.00,5.26
2025-04-23 05:00:00,2025-04-23 06:00:00,AA,109,104,0,5,14.33,0.00,20.18
2025-04-23 05:00:00,2025-04-23 06:00:00,DL,75,75,0,0,7.97,0.00,9.33
2025-04-23 05:00:00,2025-04-23 06:00:00,WN,91,90,0,1,2.56,0.00,9.89
2025-04-23 06:00:00,2025-04-23 07:00:00,DL,187,187,0,0,0.95,0.00,4.81
2025-04-23 06:00:00,2025-04-23 07:00:00,WN,292,291,0,1,5.69,0.00,11.64
2025-04-23 06:00:00,2025-04-23 07:00:00,AA,195,194,0,1,22.25,0.00,27.18
2025-04-23 06:00:00,2025-04-23 07:00:00,UA,127,127,0,0,-1.19,0.00,4.72
2025-04-23 07:00:00,2025-04-23 08:00:00,UA,192,192,0,0,4.22,0.00,10.94
2025-04-23 07:00:00,2025-04-23 08:00:00,WN,231,231,0,0,3.95,0.00,10.82
2025-04-23 07:00:00,2025-04-23 08:00:00,AA,223,223,0,0,18.96,0.00,26.01
2025-04-23 07:00:00,2025-04-23 08:00:00,DL,241,241,0,0,-0.87,0.00,5.81
2025-04-23 08:00:00,2025-04-23 09:00:00,AA,202,202,0,0,29.25,0.00,25.74
2025-04-23 08:00:00,2025-04-23 09:00:00,DL,193,193,0,0,1.18,0.00,7.25
2025-04-23 08:00:00,2025-04-23 09:00:00,WN,296,296,0,0,4.74,0.00,9.80
2025-04-23 08:00:00,2025-04-23 09:00:00,UA,158,158,0,0,1.19,0.00,8.86
2025-04-23 09:00:00,2025-04-23 10:00:00,AA,135,135,0,0,19.35,0.00,27.41
2025-04-23 09:00:00,2025-04-23 10:00:00,DL,140,140,0,0,0.51,0.00,7.14
2025-04-23 09:00:00,2025-04-23 10:00:00,UA,142,142,0,0,4.93,0.00,13.38
2025-04-23 09:00:00,2025-04-23 10:00:00,WN,194,194,0,0,10.89,0.00,22.16
2025-04-23 10:00:00,2025-04-23 11:00:00,AA,157,156,0,1,47.49,0.00,41.40
2025-04-23 10:00:00,2025-04-23 11:00:00,WN,257,257,0,0,10.15,0.00,21.79
2025-04-23 10:00:00,2025-04-23 11:00:00,DL,159,159,0,0,-0.16,0.00,8.18
2025-04-23 10:00:00,2025-04-23 11:00:00,UA,130,130,0,0,10.04,0.00,13.08
2025-04-23 11:00:00,2025-04-23 12:00:00,AA,165,165,0,0,28.73,0.00,32.12
2025-04-23 11:00:00,2025-04-23 12:00:00,DL,217,217,0,0,4.35,0.00,13.82
2025-04-23 11:00:00,2025-04-23 12:00:00,WN,226,226,0,0,15.19,0.00,29.65
2025-04-23 11:00:00,2025-04-23 12:00:00,UA,124,124,0,0,4.52,0.00,12.90
2025-04-23 12:00:00,2025-04-23 13:00:00,WN,219,217,0,2,11.43,0.00,25.11
2025-04-23 12:00:00,2025-04-23 13:00:00,UA,122,121,1,0,8.02,0.82,16.53
2025-04-23 12:00:00,2025-04-23 13:00:00,AA,145,145,0,0,38.30,0.00,40.00
2025-04-23 12:00:00,2025-04-23 13:00:00,DL,183,183,0,0,4.75,0.00,9.29
2025-04-23 13:00:00,2025-04-23 14:00:00,WN,242,240,1,1,14.22,0.41,28.63
2025-04-23 13:00:00,2025-04-23 14:00:00,AA,146,146,0,0,17.22,0.00,30.14
2025-04-23 13:00:00,2025-04-23 14:00:00,DL,154,154,0,0,2.05,0.00,12.99
2025-04-23 13:00:00,2025-04-23 14:00:00,UA,127,127,0,0,1.67,0.00,10.24
2025-04-23 14:00:00,2025-04-23 15:00:00,UA,126,126,0,0,5.61,0.00,15.87
2025-04-23 14:00:00,2025-04-23 15:00:00,WN,221,219,2,0,19.09,0.90,35.16
2025-04-23 14:00:00,2025-04-23 15:00:00,AA,147,147,0,0,27.95,0.00,36.05
2025-04-23 14:00:00,2025-04-23 15:00:00,DL,150,150,0,0,2.63,0.00,12.67
2025-04-23 15:00:00,2025-04-23 16:00:00,AA,141,141,0,0,25.92,0.00,32.62
2025-04-23 15:00:00,2025-04-23 16:00:00,UA,100,100,0,0,5.07,0.00,12.00
2025-04-23 15:00:00,2025-04-23 16:00:00,DL,184,184,0,0,7.60,0.00,11.41
2025-04-23 15:00:00,2025-04-23 16:00:00,WN,223,222,0,1,18.29,0.00,37.22
2025-04-23 16:00:00,2025-04-23 17:00:00,AA,150,150,0,0,20.96,0.00,31.33
2025-04-23 16:00:00,2025-04-23 17:00:00,WN,227,227,0,0,14.32,0.00,30.84
2025-04-23 16:00:00,2025-04-23 17:00:00,DL,129,129,0,0,8.12,0.00,13.18
2025-04-23 16:00:00,2025-04-23 17:00:00,UA,143,143,0,0,10.34,0.00,20.98
2025-04-23 17:00:00,2025-04-23 18:00:00,AA,158,158,0,0,21.75,0.00,31.65
2025-04-23 17:00:00,2025-04-23 18:00:00,UA,133,133,0,0,14.91,0.00,18.05
2025-04-23 17:00:00,2025-04-23 18:00:00,WN,248,248,0,0,17.72,0.00,32.26
2025-04-23 17:00:00,2025-04-23 18:00:00,DL,178,178,0,0,5.55,0.00,16.85
2025-04-23 18:00:00,2025-04-23 19:00:00,AA,164,164,0,0,25.07,0.00,35.98
2025-04-23 18:00:00,2025-04-23 19:00:00,WN,253,252,1,0,22.15,0.40,40.08
2025-04-23 18:00:00,2025-04-23 19:00:00,DL,169,169,0,0,6.56,0.00,20.12
2025-04-23 18:00:00,2025-04-23 19:00:00,UA,137,137,0,0,8.12,0.00,18.98
2025-04-23 19:00:00,2025-04-23 20:00:00,AA,154,154,0,0,26.63,0.00,38.31
2025-04-23 19:00:00,2025-04-23 20:00:00,DL,132,132,0,0,3.40,0.00,14.39
2025-04-23 19:00:00,2025-04-23 20:00:00,WN,245,245,0,0,15.41,0.00,32.24
2025-04-23 19:00:00,2025-04-23 20:00:00,UA,138,138,0,0,6.57,0.00,18.84
2025-04-23 20:00:00,2025-04-23 21:00:00,DL,100,100,0,0,9.32,0.00,23.00
2025-04-23 20:00:00,2025-04-23 21:00:00,UA,82,82,0,0,14.16,0.00,26.83
2025-04-23 20:00:00,2025-04-23 21:00:00,AA,131,131,0,0,12.34,0.00,28.24
2025-04-23 20:00:00,2025-04-23 21:00:00,WN,191,191,0,0,14.59,0.00,29.32
2025-04-23 21:00:00,2025-04-23 22:00:00,AA,87,87,0,0,14.29,0.00,28.74
2025-04-23 21:00:00,2025-04-23 22:00:00,DL,83,83,0,0,2.22,0.00,14.46
2025-04-23 21:00:00,2025-04-23 22:00:00,UA,55,55,0,0,4.18,0.00,14.55
2025-04-23 21:00:00,2025-04-23 22:00:00,WN,95,95,0,0,16.07,0.00,34.74
2025-04-23 22:00:00,2025-04-23 23:00:00,WN,7,7,0,0,2.29,0.00,14.29
2025-04-23 22:00:00,2025-04-23 23:00:00,AA,110,110,0,0,9.51,0.00,23.64
2025-04-23 22:00:00,2025-04-23 23:00:00,DL,106,106,0,0,6.48,0.00,12.26
2025-04-23 22:00:00,2025-04-23 23:00:00,UA,36,36,0,0,0.06,0.00,5.56
2025-04-23 23:00:00,2025-04-24 00:00:00,AA,31,31,0,0,5.94,0.00,16.13
2025-04-23 23:00:00,2025-04-24 00:00:00,DL,28,28,0,0,-0.36,0.00,3.57
2025-04-23 23:00:00,2025-04-24 00:00:00,UA,36,36,0,0,-1.03,0.00,11.11
2025-04-23 23:00:00,2025-04-24 00:00:00,WN,6,6,0,0,-2.67,0.00,0.00
2025-04-24 00:00:00,2025-04-24 01:00:00,DL,5,5,0,0,6.40,0.00,20.00
2025-04-24 00:00:00,2025-04-24 01:00:00,UA,7,7,0,0,7.29,0.00,28.57
2025-04-24 00:00:00,2025-04-24 01:00:00,AA,8,8,0,0,-0.50,0.00,12.50
2025-04-24 01:00:00,2025-04-24 02:00:00,UA,1,1,0,0,-2.00,0.00,0.00
2025-04-24 01:00:00,2025-04-24 02:00:00,DL,2,2,0,0,-11.50,0.00,0.00
2025-04-24 01:00:00,2025-04-24 02:00:00,AA,1,1,0,0,-7.00,0.00,0.00
2025-04-24 05:00:00,2025-04-24 06:00:00,UA,44,44,0,0,-4.14,0.00,4.55
2025-04-24 05:00:00,2025-04-24 06:00:00,WN,213,212,0,1,0.03,0.00,2.82
2025-04-24 05:00:00,2025-04-24 06:00:00,AA,111,109,0,2,9.78,0.00,16.22
2025-04-24 05:00:00,2025-04-24 06:00:00,DL,75,75,0,0,-1.51,0.00,4.00
2025-04-24 06:00:00,2025-04-24 07:00:00,AA,196,189,5,2,16.71,2.55,17.80
2025-04-24 06:00:00,2025-04-24 07:00:00,WN,282,279,3,0,-0.90,1.06,5.38
2025-04-24 06:00:00,2025-04-24 07:00:00,DL,188,188,0,0,-2.87,0.00,4.79
2025-04-24 06:00:00,2025-04-24 07:00:00,UA,132,132,0,0,-4.51,0.00,2.27
2025-04-24 07:00:00,2025-04-24 08:00:00,WN,277,273,1,3,1.29,0.36,3.99
2025-04-24 07:00:00,2025-04-24 08:00:00,UA,202,202,0,0,3.56,0.00,10.89
2025-04-24 07:00:00,2025-04-24 08:00:00,AA,231,217,14,0,8.06,6.06,14.75
2025-04-24 07:00:00,2025-04-24 08:00:00,DL,245,243,1,1,0.45,0.41,4.51
2025-04-24 08:00:00,2025-04-24 09:00:00,WN,239,236,3,0,4.73,1.26,10.59
2025-04-24 08:00:00,2025-04-24 09:00:00,AA,204,189,14,1,16.42,6.86,17.37
2025-04-24 08:00:00,2025-04-24 09:00:00,DL,198,198,0,0,0.96,0.00,5.05
2025-04-24 08:00:00,2025-04-24 09:00:00,UA,162,162,0,0,1.02,0.00,8.64
2025-04-24 09:00:00,2025-04-24 10:00:00,UA,140,140,0,0,9.84,0.00,17.14
2025-04-24 09:00:00,2025-04-24 10:00:00,WN,237,232,5,0,5.57,2.11,14.66
2025-04-24 09:00:00,2025-04-24 10:00:00,AA,134,123,11,0,18.54,8.21,30.89
2025-04-24 09:00:00,2025-04-24 10:00:00,DL,138,138,0,0,5.76,0.00,13.04
2025-04-24 10:00:00,2025-04-24 11:00:00,AA,159,145,14,0,23.57,8.81,28.97
2025-04-24 10:00:00,2025-04-24 11:00:00,WN,240,236,4,0,9.06,1.67,20.76
2025-04-24 10:00:00,2025-04-24 11:00:00,UA,131,131,0,0,2.83,0.00,11.45
2025-04-24 10:00:00,2025-04-24 11:00:00,DL,163,163,0,0,16.94,0.00,13.50
2025-04-24 11:00:00,2025-04-24 12:00:00,WN,245,240,5,0,13.97,2.04,23.33
2025-04-24 11:00:00,2025-04-24 12:00:00,UA,124,124,0,0,8.44,0.00,18.55
2025-04-24 11:00:00,2025-04-24 12:00:00,AA,167,156,11,0,35.49,6.59,33.97
2025-04-24 11:00:00,2025-04-24 12:00:00,DL,215,214,1,0,4.61,0.47,11.68
2025-04-24 12:00:00,2025-04-24 13:00:00,WN,237,230,6,1,13.99,2.53,26.41
2025-04-24 12:00:00,2025-04-24 13:00:00,AA,148,135,13,0,41.63,8.78,41.48
2025-04-24 12:00:00,2025-04-24 13:00:00,DL,186,186,0,0,2.23,0.00,9.14
2025-04-24 12:00:00,2025-04-24 13:00:00,UA,122,122,0,0,8.02,0.00,12.30
2025-04-24 13:00:00,2025-04-24 14:00:00,AA,148,140,7,1,25.16,4.73,34.75
2025-04-24 13:00:00,2025-04-24 14:00:00,DL,155,154,0,1,5.97,0.00,14.19
2025-04-24 13:00:00,2025-04-24 14:00:00,WN,247,242,2,3,18.00,0.81,30.61
2025-04-24 13:00:00,2025-04-24 14:00:00,UA,126,123,0,3,29.29,0.00,21.43
2025-04-24 14:00:00,2025-04-24 15:00:00,DL,154,152,0,2,18.38,0.00,14.29
2025-04-24 14:00:00,2025-04-24 15:00:00,WN,229,227,0,2,27.49,0.00,35.37
2025-04-24 14:00:00,2025-04-24 15:00:00,UA,130,126,0,4,20.41,0.00,25.38
2025-04-24 14:00:00,2025-04-24 15:00:00,AA,152,141,11,0,29.52,7.24,35.46
2025-04-24 15:00:00,2025-04-24 16:00:00,UA,98,92,0,6,31.60,0.00,28.57
2025-04-24 15:00:00,2025-04-24 16:00:00,AA,144,139,5,0,31.68,3.47,41.01
2025-04-24 15:00:00,2025-04-24 16:00:00,DL,197,196,0,1,15.55,0.00,15.23
2025-04-24 15:00:00,2025-04-24 16:00:00,WN,230,228,1,1,33.16,0.43,43.23
2025-04-24 16:00:00,2025-04-24 17:00:00,WN,229,226,1,2,30.31,0.44,46.49
2025-04-24 16:00:00,2025-04-24 17:00:00,UA,143,138,0,5,30.55,0.00,27.97
2025-04-24 16:00:00,2025-04-24 17:00:00,AA,149,142,7,0,36.70,4.70,45.77
2025-04-24 16:00:00,2025-04-24 17:00:00,DL,141,140,1,0,19.06,0.71,20.71
2025-04-24 17:00:00,2025-04-24 18:00:00,AA,163,156,7,0,35.86,4.29,39.10
2025-04-24 17:00:00,2025-04-24 18:00:00,UA,134,131,0,3,44.31,0.00,41.04
2025-04-24 17:00:00,2025-04-24 18:00:00,WN,243,242,1,0,41.74,0.41,52.07
2025-04-24 17:00:00,2025-04-24 18:00:00,DL,187,187,0,0,13.80,0.00,25.67
2025-04-24 18:00:00,2025-04-24 19:00:00,WN,273,270,3,0,37.30,1.10,51.85
2025-04-24 18:00:00,2025-04-24 19:00:00,AA,171,165,6,0,33.30,3.51,46.06
2025-04-24 18:00:00,2025-04-24 19:00:00,DL,174,174,0,0,25.40,0.00,28.74
2025-04-24 18:00:00,2025-04-24 19:00:00,UA,140,139,0,1,28.79,0.00,37.14
2025-04-24 19:00:00,2025-04-24 20:00:00,AA,159,149,10,0,41.99,6.29,45.64
2025-04-24 19:00:00,2025-04-24 20:00:00,DL,178,177,0,1,18.22,0.00,32.02
2025-04-24 19:00:00,2025-04-24 20:00:00,WN,253,251,2,0,51.81,0.79,62.15
2025-04-24 19:00:00,2025-04-24 20:00:00,UA,145,145,0,0,57.98,0.00,56.55
2025-04-24 20:00:00,2025-04-24 21:00:00,DL,126,126,0,0,13.64,0.00,27.78
2025-04-24 20:00:00,2025-04-24 21:00:00,WN,200,196,4,0,26.34,2.00,44.39
2025-04-24 20:00:00,2025-04-24 21:00:00,UA,82,82,0,0,74.55,0.00,75.61
2025-04-24 20:00:00,2025-04-24 21:00:00,AA,136,128,8,0,26.02,5.88,40.62
2025-04-24 21:00:00,2025-04-24 22:00:00,AA,88,85,3,0,18.56,3.41,32.94
2025-04-24 21:00:00,2025-04-24 22:00:00,DL,104,104,0,0,16.28,0.00,33.65
2025-04-24 21:00:00,2025-04-24 22:00:00,UA,60,60,0,0,38.43,0.00,40.00
2025-04-24 21:00:00,2025-04-24 22:00:00,WN,193,192,1,0,48.19,0.52,60.94
2025-04-24 22:00:00,2025-04-24 23:00:00,UA,36,36,0,0,17.67,0.00,41.67
2025-04-24 22:00:00,2025-04-24 23:00:00,WN,16,16,0,0,14.62,0.00,25.00
2025-04-24 22:00:00,2025-04-24 23:00:00,AA,116,109,7,0,17.30,6.03,36.70
2025-04-24 22:00:00,2025-04-24 23:00:00,DL,117,117,0,0,9.79,0.00,24.79
2025-04-24 23:00:00,2025-04-25 00:00:00,AA,33,31,2,0,17.06,6.06,35.48
2025-04-24 23:00:00,2025-04-25 00:00:00,WN,6,6,0,0,30.50,0.00,50.00
2025-04-24 23:00:00,2025-04-25 00:00:00,UA,36,36,0,0,8.78,0.00,27.78
2025-04-24 23:00:00,2025-04-25 00:00:00,DL,35,35,0,0,6.71,0.00,14.29
2025-04-25 00:00:00,2025-04-25 01:00:00,DL,8,8,0,0,6.50,0.00,25.00
2025-04-25 00:00:00,2025-04-25 01:00:00,UA,8,8,0,0,1.38,0.00,12.50
2025-04-25 00:00:00,2025-04-25 01:00:00,AA,9,9,0,0,17.56,0.00,44.44
2025-04-25 01:00:00,2025-04-25 02:00:00,AA,1,1,0,0,11.00,0.00,0.00
2025-04-25 01:00:00,2025-04-25 02:00:00,UA,2,2,0,0,20.50,0.00,50.00
2025-04-25 01:00:00,2025-04-25 02:00:00,DL,2,2,0,0,-6.50,0.00,0.00
2025-04-25 05:00:00,2025-04-25 06:00:00,AA,111,108,2,1,2.36,1.80,11.93
2025-04-25 05:00:00,2025-04-25 06:00:00,WN,213,213,0,0,0.31,0.00,3.76
2025-04-25 05:00:00,2025-04-25 06:00:00,DL,76,76,0,0,-2.12,0.00,5.26
2025-04-25 05:00:00,2025-04-25 06:00:00,UA,44,44,0,0,-5.93,0.00,0.00
2025-04-25 06:00:00,2025-04-25 07:00:00,DL,189,189,0,0,4.03,0.00,4.76
2025-04-25 06:00:00,2025-04-25 07:00:00,AA,196,192,4,0,0.56,2.04,8.33
2025-04-25 06:00:00,2025-04-25 07:00:00,UA,133,133,0,0,-1.28,0.00,6.02
2025-04-25 06:00:00,2025-04-25 07:00:00,WN,282,281,1,0,0.48,0.35,5.34
2025-04-25 07:00:00,2025-04-25 08:00:00,AA,232,229,2,1,2.84,0.86,9.13
2025-04-25 07:00:00,2025-04-25 08:00:00,UA,201,201,0,0,0.76,0.00,8.96
2025-04-25 07:00:00,2025-04-25 08:00:00,WN,278,278,0,0,2.73,0.00,7.55
2025-04-25 07:00:00,2025-04-25 08:00:00,DL,245,245,0,0,1.25,0.00,6.12
2025-04-25 08:00:00,2025-04-25 09:00:00,WN,240,240,0,0,8.03,0.00,17.08
2025-04-25 08:00:00,2025-04-25 09:00:00,UA,162,161,0,1,6.81,0.00,17.90
2025-04-25 08:00:00,2025-04-25 09:00:00,AA,204,202,2,0,18.18,0.98,12.87
2025-04-25 08:00:00,2025-04-25 09:00:00,DL,197,197,0,0,2.49,0.00,8.12
2025-04-25 09:00:00,2025-04-25 10:00:00,WN,237,235,2,0,7.89,0.84,17.45
2025-04-25 09:00:00,2025-04-25 10:00:00,AA,134,134,0,0,9.59,0.00,17.91
2025-04-25 09:00:00,2025-04-25 10:00:00,DL,138,138,0,0,7.04,0.00,10.14
2025-04-25 09:00:00,2025-04-25 10:00:00,UA,140,139,1,0,9.35,0.71,16.55
2025-04-25 10:00:00,2025-04-25 11:00:00,UA,133,133,0,0,2.26,0.00,9.77
2025-04-25 10:00:00,2025-04-25 11:00:00,WN,240,239,1,0,9.74,0.42,20.92
2025-04-25 10:00:00,2025-04-25 11:00:00,AA,160,160,0,0,6.25,0.00,19.38
2025-04-25 10:00:00,2025-04-25 11:00:00,DL,160,160,0,0,4.94,0.00,16.25
2025-04-25 11:00:00,2025-04-25 12:00:00,AA,167,167,0,0,4.05,0.00,11.38
2025-04-25 11:00:00,2025-04-25 12:00:00,WN,246,246,0,0,11.60,0.00,26.83
2025-04-25 11:00:00,2025-04-25 12:00:00,DL,218,218,0,0,4.18,0.00,15.14
2025-04-25 11:00:00,2025-04-25 12:00:00,UA,122,121,0,1,21.55,0.00,31.15
2025-04-25 12:00:00,2025-04-25 13:00:00,AA,149,149,0,0,12.09,0.00,24.16
2025-04-25 12:00:00,2025-04-25 13:00:00,DL,187,187,0,0,6.17,0.00,10.16
2025-04-25 12:00:00,2025-04-25 13:00:00,WN,238,238,0,0,16.84,0.00,36.97
2025-04-25 12:00:00,2025-04-25 13:00:00,UA,123,123,0,0,13.43,0.00,23.58
2025-04-25 13:00:00,2025-04-25 14:00:00,DL,155,155,0,0,10.93,0.00,22.58
2025-04-25 13:00:00,2025-04-25 14:00:00,UA,128,128,0,0,25.92,0.00,39.84
2025-04-25 13:00:00,2025-04-25 14:00:00,AA,148,148,0,0,9.99,0.00,21.62
2025-04-25 13:00:00,2025-04-25 14:00:00,WN,248,248,0,0,23.66,0.00,43.95
2025-04-25 14:00:00,2025-04-25 15:00:00,AA,152,152,0,0,12.22,0.00,23.68
2025-04-25 14:00:00,2025-04-25 15:00:00,WN,229,227,2,0,16.64,0.87,35.68
2025-04-25 14:00:00,2025-04-25 15:00:00,DL,156,154,0,2,7.46,0.00,15.38
2025-04-25 14:00:00,2025-04-25 15:00:00,UA,127,126,1,0,20.98,0.79,35.71
2025-04-25 15:00:00,2025-04-25 16:00:00,AA,144,144,0,0,17.15,0.00,27.08
2025-04-25 15:00:00,2025-04-25 16:00:00,DL,194,194,0,0,8.97,0.00,19.07
2025-04-25 15:00:00,2025-04-25 16:00:00,WN,230,229,0,1,22.31,0.00,42.17
2025-04-25 15:00:00,2025-04-25 16:00:00,UA,101,101,0,0,35.55,0.00,49.50
2025-04-25 16:00:00,2025-04-25 17:00:00,DL,140,139,0,1,7.55,0.00,20.00
2025-04-25 16:00:00,2025-04-25 17:00:00,UA,144,141,0,3,25.42,0.00,36.11
2025-04-25 16:00:00,2025-04-25 17:00:00,AA,149,149,0,0,12.23,0.00,29.53
2025-04-25 16:00:00,2025-04-25 17:00:00,WN,230,229,0,1,19.92,0.00,44.35
2025-04-25 17:00:00,2025-04-25 18:00:00,AA,163,163,0,0,13.42,0.00,28.22
2025-04-25 17:00:00,2025-04-25 18:00:00,WN,243,242,0,1,24.19,0.00,48.15
2025-04-25 17:00:00,2025-04-25 18:00:00,DL,187,187,0,0,11.79,0.00,21.39
2025-04-25 17:00:00,2025-04-25 18:00:00,UA,132,132,0,0,27.54,0.00,33.33
2025-04-25 18:00:00,2025-04-25 19:00:00,AA,171,171,0,0,16.33,0.00,32.75
2025-04-25 18:00:00,2025-04-25 19:00:00,WN,274,274,0,0,20.01,0.00,40.88
2025-04-25 18:00:00,2025-04-25 19:00:00,DL,174,173,0,1,11.70,0.00,24.14
2025-04-25 18:00:00,2025-04-25 19:00:00,UA,142,142,0,0,19.70,0.00,35.92
2025-04-25 19:00:00,2025-04-25 20:00:00,AA,160,160,0,0,13.23,0.00,24.38
2025-04-25 19:00:00,2025-04-25 20:00:00,WN,253,253,0,0,28.54,0.00,51.38
2025-04-25 19:00:00,2025-04-25 20:00:00,DL,181,180,0,1,10.67,0.00,17.68
2025-04-25 19:00:00,2025-04-25 20:00:00,UA,144,144,0,0,32.53,0.00,42.36
2025-04-25 20:00:00,2025-04-25 21:00:00,AA,135,135,0,0,8.76,0.00,22.96
2025-04-25 20:00:00,2025-04-25 21:00:00,UA,83,83,0,0,27.10,0.00,53.01
2025-04-25 20:00:00,2025-04-25 21:00:00,WN,200,200,0,0,19.64,0.00,37.00
2025-04-25 20:00:00,2025-04-25 21:00:00,DL,123,122,0,1,12.36,0.00,24.39
2025-04-25 21:00:00,2025-04-25 22:00:00,UA,62,62,0,0,15.23,0.00,32.26
2025-04-25 21:00:00,2025-04-25 22:00:00,AA,87,87,0,0,7.16,0.00,17.24
2025-04-25 21:00:00,2025-04-25 22:00:00,DL,103,103,0,0,28.99,0.00,23.30
2025-04-25 21:00:00,2025-04-25 22:00:00,WN,193,193,0,0,24.49,0.00,46.11
2025-04-25 22:00:00,2025-04-25 23:00:00,AA,115,115,0,0,14.86,0.00,18.26
2025-04-25 22:00:00,2025-04-25 23:00:00,WN,16,16,0,0,20.38,0.00,50.00
2025-04-25 22:00:00,2025-04-25 23:00:00,DL,117,117,0,0,36.61,0.00,51.28
2025-04-25 22:00:00,2025-04-25 23:00:00,UA,35,35,0,0,5.20,0.00,17.14
2025-04-25 23:00:00,2025-04-26 00:00:00,AA,33,33,0,0,3.18,0.00,15.15
2025-04-25 23:00:00,2025-04-26 00:00:00,DL,36,36,0,0,14.14,0.00,27.78
2025-04-25 23:00:00,2025-04-26 00:00:00,UA,34,34,0,0,12.06,0.00,32.35
2025-04-25 23:00:00,2025-04-26 00:00:00,WN,6,6,0,0,14.17,0.00,16.67
2025-04-26 00:00:00,2025-04-26 01:00:00,DL,8,8,0,0,16.50,0.00,12.50
2025-04-26 00:00:00,2025-04-26 01:00:00,UA,8,8,0,0,2.38,0.00,12.50
2025-04-26 00:00:00,2025-04-26 01:00:00,AA,9,9,0,0,8.11,0.00,22.22
2025-04-26 01:00:00,2025-04-26 02:00:00,AA,1,1,0,0,-9.00,0.00,0.00
2025-04-26 01:00:00,2025-04-26 02:00:00,UA,2,2,0,0,-4.00,0.00,0.00
2025-04-26 01:00:00,2025-04-26 02:00:00,DL,2,2,0,0,-6.00,0.00,0.00
2025-04-26 05:00:00,2025-04-26 06:00:00,AA,105,105,0,0,6.83,0.00,10.48
2025-04-26 05:00:00,2025-04-26 06:00:00,WN,123,123,0,0,-1.37,0.00,4.88
2025-04-26 05:00:00,2025-04-26 06:00:00,DL,72,72,0,0,5.68,0.00,4.17
2025-04-26 05:00:00,2025-04-26 06:00:00,UA,44,44,0,0,-1.82,0.00,9.09
2025-04-26 06:00:00,2025-04-26 07:00:00,DL,179,179,0,0,8.62,0.00,4.47
2025-04-26 06:00:00,2025-04-26 07:00:00,AA,186,186,0,0,11.42,0.00,6.45
2025-04-26 06:00:00,2025-04-26 07:00:00,WN,258,258,0,0,-2.07,0.00,1.55
2025-04-26 06:00:00,2025-04-26 07:00:00,UA,135,134,0,1,4.48,0.00,5.93
2025-04-26 07:00:00,2025-04-26 08:00:00,WN,240,240,0,0,0.95,0.00,5.00
2025-04-26 07:00:00,2025-04-26 08:00:00,UA,183,183,0,0,4.19,0.00,9.29
2025-04-26 07:00:00,2025-04-26 08:00:00,AA,216,216,0,0,3.59,0.00,8.33
2025-04-26 07:00:00,2025-04-26 08:00:00,DL,216,216,0,0,5.48,0.00,8.33
2025-04-26 08:00:00,2025-04-26 09:00:00,WN,214,213,1,0,0.68,0.47,7.51
2025-04-26 08:00:00,2025-04-26 09:00:00,AA,198,197,1,0,2.68,0.51,10.15
2025-04-26 08:00:00,2025-04-26 09:00:00,DL,179,179,0,0,0.10,0.00,6.70
2025-04-26 08:00:00,2025-04-26 09:00:00,UA,155,154,0,1,2.59,0.00,7.74
2025-04-26 09:00:00,2025-04-26 10:00:00,UA,128,127,1,0,9.09,0.78,14.96
2025-04-26 09:00:00,2025-04-26 10:00:00,WN,221,221,0,0,6.63,0.00,11.76
2025-04-26 09:00:00,2025-04-26 10:00:00,AA,123,123,0,0,6.45,0.00,8.13
2025-04-26 09:00:00,2025-04-26 10:00:00,DL,145,143,0,2,2.82,0.00,12.41
2025-04-26 10:00:00,2025-04-26 11:00:00,AA,144,142,0,2,12.12,0.00,11.11
2025-04-26 10:00:00,2025-04-26 11:00:00,WN,209,209,0,0,1.44,0.00,7.18
2025-04-26 10:00:00,2025-04-26 11:00:00,DL,131,129,0,2,1.74,0.00,8.40
2025-04-26 10:00:00,2025-04-26 11:00:00,UA,111,111,0,0,14.61,0.00,25.23
2025-04-26 11:00:00,2025-04-26 12:00:00,AA,150,149,0,1,9.05,0.00,18.67
2025-04-26 11:00:00,2025-04-26 12:00:00,DL,199,197,0,2,6.91,0.00,14.07
2025-04-26 11:00:00,2025-04-26 12:00:00,WN,200,200,0,0,8.71,0.00,18.00
2025-04-26 11:00:00,2025-04-26 12:00:00,UA,115,115,0,0,12.76,0.00,21.74
2025-04-26 12:00:00,2025-04-26 13:00:00,DL,165,165,0,0,3.52,0.00,12.73
2025-04-26 12:00:00,2025-04-26 13:00:00,UA,112,112,0,0,19.68,0.00,14.29
2025-04-26 12:00:00,2025-04-26 13:00:00,AA,134,132,0,2,8.25,0.00,13.43
2025-04-26 12:00:00,2025-04-26 13:00:00,WN,200,200,0,0,3.44,0.00,10.00
2025-04-26 13:00:00,2025-04-26 14:00:00,UA,116,115,1,0,12.50,0.86,18.26
2025-04-26 13:00:00,2025-04-26 14:00:00,AA,138,138,0,0,5.44,0.00,15.22
2025-04-26 13:00:00,2025-04-26 14:00:00,DL,145,144,0,1,10.23,0.00,18.62
2025-04-26 13:00:00,2025-04-26 14:00:00,WN,232,232,0,0,5.35,0.00,15.52
2025-04-26 14:00:00,2025-04-26 15:00:00,AA,127,126,0,1,12.58,0.00,16.54
2025-04-26 14:00:00,2025-04-26 15:00:00,WN,204,204,0,0,7.95,0.00,18.14
2025-04-26 14:00:00,2025-04-26 15:00:00,UA,121,119,0,2,19.03,0.00,21.49
2025-04-26 14:00:00,2025-04-26 15:00:00,DL,130,130,0,0,13.56,0.00,13.85
2025-04-26 15:00:00,2025-04-26 16:00:00,WN,201,201,0,0,7.86,0.00,17.91
2025-04-26 15:00:00,2025-04-26 16:00:00,UA,95,94,0,1,37.59,0.00,28.42
2025-04-26 15:00:00,2025-04-26 16:00:00,AA,131,131,0,0,7.21,0.00,15.27
2025-04-26 15:00:00,2025-04-26 16:00:00,DL,183,183,0,0,2.47,0.00,12.57
2025-04-26 16:00:00,2025-04-26 17:00:00,WN,232,232,0,0,10.61,0.00,24.14
2025-04-26 16:00:00,2025-04-26 17:00:00,AA,132,132,0,0,17.77,0.00,21.21
2025-04-26 16:00:00,2025-04-26 17:00:00,DL,123,123,0,0,11.20,0.00,13.82
2025-04-26 16:00:00,2025-04-26 17:00:00,UA,119,117,1,1,25.35,0.84,21.19
2025-04-26 17:00:00,2025-04-26 18:00:00,AA,148,147,0,1,15.32,0.00,17.57
2025-04-26 17:00:00,2025-04-26 18:00:00,DL,149,149,0,0,3.52,0.00,16.78
2025-04-26 17:00:00,2025-04-26 18:00:00,WN,221,221,0,0,11.41,0.00,25.34
2025-04-26 17:00:00,2025-04-26 18:00:00,UA,126,126,0,0,28.83,0.00,26.19
2025-04-26 18:00:00,2025-04-26 19:00:00,DL,146,146,0,0,14.90,0.00,18.49
2025-04-26 18:00:00,2025-04-26 19:00:00,WN,261,261,0,0,12.22,0.00,27.20
2025-04-26 18:00:00,2025-04-26 19:00:00,UA,117,117,0,0,33.97,0.00,23.93
2025-04-26 18:00:00,2025-04-26 19:00:00,AA,161,161,0,0,17.48,0.00,24.84
2025-04-26 19:00:00,2025-04-26 20:00:00,AA,128,128,0,0,16.30,0.00,23.44
2025-04-26 19:00:00,2025-04-26 20:00:00,DL,96,96,0,0,10.05,0.00,16.67
2025-04-26 19:00:00,2025-04-26 20:00:00,UA,117,117,0,0,28.11,0.00,36.75
2025-04-26 19:00:00,2025-04-26 20:00:00,WN,159,159,0,0,12.94,0.00,22.64
2025-04-26 20:00:00,2025-04-26 21:00:00,WN,122,122,0,0,7.94,0.00,22.95
2025-04-26 20:00:00,2025-04-26 21:00:00,AA,126,126,0,0,16.93,0.00,23.02
2025-04-26 20:00:00,2025-04-26 21:00:00,DL,96,96,0,0,13.90,0.00,20.83
2025-04-26 20:00:00,2025-04-26 21:00:00,UA,69,67,2,0,34.61,2.90,34.33
2025-04-26 21:00:00,2025-04-26 22:00:00,WN,36,36,0,0,12.53,0.00,41.67
2025-04-26 21:00:00,2025-04-26 22:00:00,AA,84,84,0,0,11.64,0.00,25.00
2025-04-26 21:00:00,2025-04-26 22:00:00,DL,85,85,0,0,6.67,0.00,16.47
2025-04-26 21:00:00,2025-04-26 22:00:00,UA,43,43,0,0,52.21,0.00,41.86
2025-04-26 22:00:00,2025-04-26 23:00:00,AA,79,79,0,0,11.85,0.00,17.72
2025-04-26 22:00:00,2025-04-26 23:00:00,DL,80,80,0,0,1.01,0.00,12.50
2025-04-26 22:00:00,2025-04-26 23:00:00,UA,36,36,0,0,38.64,0.00,30.56
2025-04-26 22:00:00,2025-04-26 23:00:00,WN,8,8,0,0,1.50,0.00,0.00
2025-04-26 23:00:00,2025-04-27 00:00:00,AA,30,30,0,0,0.27,0.00,10.00
2025-04-26 23:00:00,2025-04-27 00:00:00,DL,28,28,0,0,-0.21,0.00,7.14
2025-04-26 23:00:00,2025-04-27 00:00:00,WN,6,6,0,0,-3.17,0.00,0.00
2025-04-26 23:00:00,2025-04-27 00:00:00,UA,33,33,0,0,46.64,0.00,21.21
2025-04-27 00:00:00,2025-04-27 01:00:00,UA,7,7,0,0,39.00,0.00,42.86
2025-04-27 00:00:00,2025-04-27 01:00:00,AA,9,9,0,0,0.00,0.00,0.00
2025-04-27 00:00:00,2025-04-27 01:00:00,DL,4,4,0,0,-2.50,0.00,0.00
2025-04-27 01:00:00,2025-04-27 02:00:00,AA,1,1,0,0,-3.00,0.00,0.00
2025-04-27 01:00:00,2025-04-27 02:00:00,UA,1,1,0,0,80.00,0.00,100.00
2025-04-27 01:00:00,2025-04-27 02:00:00,DL,2,2,0,0,-10.50,0.00,0.00
2025-04-27 05:00:00,2025-04-27 06:00:00,UA,42,42,0,0,-0.45,0.00,4.76
2025-04-27 05:00:00,2025-04-27 06:00:00,DL,74,74,0,0,-3.86,0.00,1.35
2025-04-27 05:00:00,2025-04-27 06:00:00,AA,111,111,0,0,-2.99,0.00,3.60
2025-04-27 05:00:00,2025-04-27 06:00:00,WN,116,116,0,0,-1.59,0.00,4.31
2025-04-27 06:00:00,2025-04-27 07:00:00,AA,188,188,0,0,8.20,0.00,8.51
2025-04-27 06:00:00,2025-04-27 07:00:00,WN,328,328,0,0,-1.12,0.00,4.27
2025-04-27 06:00:00,2025-04-27 07:00:00,DL,180,179,0,1,2.79,0.00,4.44
2025-04-27 06:00:00,2025-04-27 07:00:00,UA,131,130,1,0,-0.42,0.76,6.15
2025-04-27 07:00:00,2025-04-27 08:00:00,AA,231,231,0,0,17.05,0.00,9.09
2025-04-27 07:00:00,2025-04-27 08:00:00,UA,194,193,0,1,-0.58,0.00,7.73
2025-04-27 07:00:00,2025-04-27 08:00:00,WN,233,232,0,1,-2.37,0.00,2.58
2025-04-27 07:00:00,2025-04-27 08:00:00,DL,250,250,0,0,0.17,0.00,6.00
2025-04-27 08:00:00,2025-04-27 09:00:00,AA,202,202,0,0,13.04,0.00,13.86
2025-04-27 08:00:00,2025-04-27 09:00:00,WN,266,266,0,0,1.42,0.00,6.77
2025-04-27 08:00:00,2025-04-27 09:00:00,DL,198,198,0,0,-0.93,0.00,6.06
2025-04-27 08:00:00,2025-04-27 09:00:00,UA,161,161,0,0,0.79,0.00,8.70
2025-04-27 09:00:00,2025-04-27 10:00:00,AA,135,135,0,0,2.24,0.00,9.63
2025-04-27 09:00:00,2025-04-27 10:00:00,UA,139,139,0,0,2.01,0.00,9.35
2025-04-27 09:00:00,2025-04-27 10:00:00,WN,208,207,0,1,1.60,0.00,7.69
2025-04-27 09:00:00,2025-04-27 10:00:00,DL,142,142,0,0,0.33,0.00,7.75
2025-04-27 10:00:00,2025-04-27 11:00:00,UA,128,127,0,1,2.53,0.00,14.06
2025-04-27 10:00:00,2025-04-27 11:00:00,AA,159,159,0,0,5.78,0.00,15.72
2025-04-27 10:00:00,2025-04-27 11:00:00,DL,161,161,0,0,-1.82,0.00,4.97
2025-04-27 10:00:00,2025-04-27 11:00:00,WN,260,260,0,0,2.78,0.00,9.23
2025-04-27 11:00:00,2025-04-27 12:00:00,AA,166,166,0,0,7.58,0.00,15.66
2025-04-27 11:00:00,2025-04-27 12:00:00,WN,214,213,1,0,5.35,0.47,13.62
2025-04-27 11:00:00,2025-04-27 12:00:00,DL,214,214,0,0,-0.29,0.00,7.48
2025-04-27 11:00:00,2025-04-27 12:00:00,UA,125,125,0,0,4.80,0.00,11.20
2025-04-27 12:00:00,2025-04-27 13:00:00,AA,150,150,0,0,11.41,0.00,20.00
2025-04-27 12:00:00,2025-04-27 13:00:00,UA,118,118,0,0,5.36,0.00,14.41
2025-04-27 12:00:00,2025-04-27 13:00:00,WN,242,242,0,0,5.28,0.00,12.81
2025-04-27 12:00:00,2025-04-27 13:00:00,DL,186,186,0,0,0.70,0.00,8.06
2025-04-27 13:00:00,2025-04-27 14:00:00,AA,148,148,0,0,11.06,0.00,22.30
2025-04-27 13:00:00,2025-04-27 14:00:00,DL,156,156,0,0,3.01,0.00,9.62
2025-04-27 13:00:00,2025-04-27 14:00:00,UA,127,127,0,0,2.14,0.00,7.87
2025-04-27 13:00:00,2025-04-27 14:00:00,WN,257,257,0,0,9.47,0.00,20.23
2025-04-27 14:00:00,2025-04-27 15:00:00,WN,218,217,1,0,10.66,0.46,28.11
2025-04-27 14:00:00,2025-04-27 15:00:00,AA,151,150,0,1,21.46,0.00,20.53
2025-04-27 14:00:00,2025-04-27 15:00:00,DL,154,153,0,1,1.86,0.00,7.79
2025-04-27 14:00:00,2025-04-27 15:00:00,UA,126,125,0,1,18.17,0.00,16.67
2025-04-27 15:00:00,2025-04-27 16:00:00,AA,144,144,0,0,19.96,0.00,31.25
2025-04-27 15:00:00,2025-04-27 16:00:00,UA,100,99,0,1,18.79,0.00,22.00
2025-04-27 15:00:00,2025-04-27 16:00:00,DL,196,195,0,1,5.77,0.00,14.29
2025-04-27 15:00:00,2025-04-27 16:00:00,WN,251,251,0,0,13.81,0.00,30.28
2025-04-27 16:00:00,2025-04-27 17:00:00,UA,140,139,0,1,8.37,0.00,12.14
2025-04-27 16:00:00,2025-04-27 17:00:00,AA,150,150,0,0,11.45,0.00,24.00
2025-04-27 16:00:00,2025-04-27 17:00:00,DL,144,144,0,0,5.57,0.00,13.89
2025-04-27 16:00:00,2025-04-27 17:00:00,WN,234,233,0,1,15.26,0.00,33.33
2025-04-27 17:00:00,2025-04-27 18:00:00,AA,162,162,0,0,20.64,0.00,26.54
2025-04-27 17:00:00,2025-04-27 18:00:00,WN,231,231,0,0,16.15,0.00,37.23
2025-04-27 17:00:00,2025-04-27 18:00:00,DL,181,181,0,0,7.77,0.00,20.44
2025-04-27 17:00:00,2025-04-27 18:00:00,UA,133,133,0,0,12.30,0.00,18.05
2025-04-27 18:00:00,2025-04-27 19:00:00,AA,172,172,0,0,14.60,0.00,26.16
2025-04-27 18:00:00,2025-04-27 19:00:00,DL,178,178,0,0,7.63,0.00,20.79
2025-04-27 18:00:00,2025-04-27 19:00:00,WN,245,245,0,0,17.49,0.00,38.37
2025-04-27 18:00:00,2025-04-27 19:00:00,UA,142,141,1,0,19.89,0.70,22.70
2025-04-27 19:00:00,2025-04-27 20:00:00,DL,180,180,0,0,8.32,0.00,22.78
2025-04-27 19:00:00,2025-04-27 20:00:00,UA,138,136,0,2,23.00,0.00,29.71
2025-04-27 19:00:00,2025-04-27 20:00:00,AA,161,160,1,0,16.21,0.62,29.38
2025-04-27 19:00:00,2025-04-27 20:00:00,WN,245,244,0,1,19.09,0.00,42.04
2025-04-27 20:00:00,2025-04-27 21:00:00,UA,87,86,0,1,31.64,0.00,29.89
2025-04-27 20:00:00,2025-04-27 21:00:00,AA,136,136,0,0,13.54,0.00,27.94
2025-04-27 20:00:00,2025-04-27 21:00:00,DL,124,124,0,0,6.16,0.00,19.35
2025-04-27 20:00:00,2025-04-27 21:00:00,WN,277,277,0,0,16.04,0.00,39.71
2025-04-27 21:00:00,2025-04-27 22:00:00,AA,88,88,0,0,13.93,0.00,35.23
2025-04-27 21:00:00,2025-04-27 22:00:00,WN,181,181,0,0,15.08,0.00,33.70
2025-04-27 21:00:00,2025-04-27 22:00:00,DL,102,102,0,0,9.80,0.00,22.55
2025-04-27 21:00:00,2025-04-27 22:00:00,UA,63,62,1,0,13.16,1.59,24.19
2025-04-27 22:00:00,2025-04-27 23:00:00,AA,115,114,0,1,10.21,0.00,17.39
2025-04-27 22:00:00,2025-04-27 23:00:00,DL,118,118,0,0,4.82,0.00,16.10
2025-04-27 22:00:00,2025-04-27 23:00:00,UA,38,38,0,0,14.13,0.00,21.05
2025-04-27 22:00:00,2025-04-27 23:00:00,WN,142,142,0,0,12.00,0.00,30.99
2025-04-27 23:00:00,2025-04-28 00:00:00,UA,35,35,0,0,0.23,0.00,5.71
2025-04-27 23:00:00,2025-04-28 00:00:00,WN,7,7,0,0,3.86,0.00,14.29
2025-04-27 23:00:00,2025-04-28 00:00:00,AA,33,33,0,0,5.64,0.00,12.12
2025-04-27 23:00:00,2025-04-28 00:00:00,DL,35,35,0,0,7.20,0.00,25.71
2025-04-28 00:00:00,2025-04-28 01:00:00,UA,8,8,0,0,14.00,0.00,50.00
2025-04-28 00:00:00,2025-04-28 01:00:00,AA,9,9,0,0,-4.89,0.00,0.00
2025-04-28 00:00:00,2025-04-28 01:00:00,DL,8,8,0,0,-1.00,0.00,12.50
2025-04-28 01:00:00,2025-04-28 02:00:00,DL,2,2,0,0,-11.00,0.00,0.00
2025-04-28 01:00:00,2025-04-28 02:00:00,AA,1,1,0,0,-5.00,0.00,0.00
2025-04-28 01:00:00,2025-04-28 02:00:00,UA,2,2,0,0,468.50,0.00,100.00
2025-04-28 05:00:00,2025-04-28 06:00:00,DL,76,75,0,1,0.24,0.00,3.95
2025-04-28 05:00:00,2025-04-28 06:00:00,WN,213,212,0,1,-2.75,0.00,0.94
2025-04-28 05:00:00,2025-04-28 06:00:00,AA,111,111,0,0,6.33,0.00,10.81
2025-04-28 05:00:00,2025-04-28 06:00:00,UA,44,44,0,0,5.16,0.00,4.55
2025-04-28 06:00:00,2025-04-28 07:00:00,DL,190,190,0,0,-0.39,0.00,4.74
2025-04-28 06:00:00,2025-04-28 07:00:00,WN,282,281,0,1,-0.83,0.00,3.55
2025-04-28 06:00:00,2025-04-28 07:00:00,AA,196,196,0,0,-1.84,0.00,6.63
2025-04-28 06:00:00,2025-04-28 07:00:00,UA,133,131,0,2,-3.26,0.00,2.26
2025-04-28 07:00:00,2025-04-28 08:00:00,UA,199,194,1,4,-1.41,0.50,4.55
2025-04-28 07:00:00,2025-04-28 08:00:00,AA,232,230,2,0,3.25,0.86,8.26
2025-04-28 07:00:00,2025-04-28 08:00:00,DL,243,242,0,1,1.67,0.00,6.17
2025-04-28 07:00:00,2025-04-28 08:00:00,WN,278,277,0,1,-0.58,0.00,4.68
2025-04-28 08:00:00,2025-04-28 09:00:00,WN,239,239,0,0,2.15,0.00,6.69
2025-04-28 08:00:00,2025-04-28 09:00:00,AA,204,203,0,1,4.91,0.00,12.25
2025-04-28 08:00:00,2025-04-28 09:00:00,UA,161,158,1,2,-1.28,0.62,5.62
2025-04-28 08:00:00,2025-04-28 09:00:00,DL,198,198,0,0,0.67,0.00,5.05
2025-04-28 09:00:00,2025-04-28 10:00:00,AA,134,134,0,0,6.43,0.00,15.67
2025-04-28 09:00:00,2025-04-28 10:00:00,UA,140,136,0,4,-0.89,0.00,3.57
2025-04-28 09:00:00,2025-04-28 10:00:00,WN,236,235,1,0,2.14,0.42,6.81
2025-04-28 09:00:00,2025-04-28 10:00:00,DL,136,136,0,0,-0.15,0.00,8.09
2025-04-28 10:00:00,2025-04-28 11:00:00,AA,159,159,0,0,4.98,0.00,14.47
2025-04-28 10:00:00,2025-04-28 11:00:00,WN,240,240,0,0,3.23,0.00,10.83
2025-04-28 10:00:00,2025-04-28 11:00:00,DL,162,162,0,0,0.35,0.00,8.02
2025-04-28 10:00:00,2025-04-28 11:00:00,UA,131,126,2,3,1.21,1.53,8.53
2025-04-28 11:00:00,2025-04-28 12:00:00,AA,167,166,0,1,8.33,0.00,13.77
2025-04-28 11:00:00,2025-04-28 12:00:00,DL,214,213,0,1,3.98,0.00,10.28
2025-04-28 11:00:00,2025-04-28 12:00:00,WN,245,242,2,1,8.77,0.82,14.81
2025-04-28 11:00:00,2025-04-28 12:00:00,UA,123,116,2,5,0.05,1.63,9.09
2025-04-28 12:00:00,2025-04-28 13:00:00,DL,186,185,0,1,0.56,0.00,8.60
2025-04-28 12:00:00,2025-04-28 13:00:00,UA,122,118,0,4,8.68,0.00,10.66
2025-04-28 12:00:00,2025-04-28 13:00:00,AA,149,148,0,1,10.40,0.00,13.42
2025-04-28 12:00:00,2025-04-28 13:00:00,WN,237,235,0,2,7.19,0.00,16.46
2025-04-28 13:00:00,2025-04-28 14:00:00,WN,247,246,0,1,6.54,0.00,16.19
2025-04-28 13:00:00,2025-04-28 14:00:00,UA,123,123,0,0,11.69,0.00,10.57
2025-04-28 13:00:00,2025-04-28 14:00:00,AA,147,147,0,0,5.28,0.00,14.29
2025-04-28 13:00:00,2025-04-28 14:00:00,DL,156,154,0,2,14.50,0.00,17.31
2025-04-28 14:00:00,2025-04-28 15:00:00,WN,229,228,0,1,10.96,0.00,23.58
2025-04-28 14:00:00,2025-04-28 15:00:00,AA,152,152,0,0,18.84,0.00,16.45
2025-04-28 14:00:00,2025-04-28 15:00:00,DL,155,155,0,0,12.62,0.00,18.06
2025-04-28 14:00:00,2025-04-28 15:00:00,UA,129,128,1,0,20.05,0.78,17.97
2025-04-28 15:00:00,2025-04-28 16:00:00,UA,101,96,5,0,25.86,4.95,25.00
2025-04-28 15:00:00,2025-04-28 16:00:00,WN,230,228,1,1,11.23,0.43,26.20
2025-04-28 15:00:00,2025-04-28 16:00:00,AA,144,144,0,0,13.27,0.00,23.61
2025-04-28 15:00:00,2025-04-28 16:00:00,DL,193,191,0,2,9.08,0.00,16.06
2025-04-28 16:00:00,2025-04-28 17:00:00,AA,149,148,1,0,12.16,0.67,18.92
2025-04-28 16:00:00,2025-04-28 17:00:00,WN,229,228,0,1,10.79,0.00,24.02
2025-04-28 16:00:00,2025-04-28 17:00:00,DL,141,141,0,0,9.86,0.00,14.18
2025-04-28 16:00:00,2025-04-28 17:00:00,UA,138,136,2,0,32.85,1.45,27.21
2025-04-28 17:00:00,2025-04-28 18:00:00,AA,163,163,0,0,14.94,0.00,22.70
2025-04-28 17:00:00,2025-04-28 18:00:00,DL,187,186,0,1,6.80,0.00,11.76
2025-04-28 17:00:00,2025-04-28 18:00:00,WN,243,241,1,1,11.28,0.41,27.27
2025-04-28 17:00:00,2025-04-28 18:00:00,UA,133,129,4,0,20.19,3.01,27.13
2025-04-28 18:00:00,2025-04-28 19:00:00,DL,176,176,0,0,15.08,0.00,17.05
2025-04-28 18:00:00,2025-04-28 19:00:00,UA,135,132,3,0,18.12,2.22,22.73
2025-04-28 18:00:00,2025-04-28 19:00:00,AA,170,170,0,0,17.03,0.00,20.59
2025-04-28 18:00:00,2025-04-28 19:00:00,WN,274,274,0,0,11.87,0.00,22.26
2025-04-28 19:00:00,2025-04-28 20:00:00,AA,161,160,0,1,15.86,0.00,24.22
2025-04-28 19:00:00,2025-04-28 20:00:00,WN,253,252,0,1,9.58,0.00,23.32
2025-04-28 19:00:00,2025-04-28 20:00:00,DL,176,176,0,0,10.72,0.00,17.05
2025-04-28 19:00:00,2025-04-28 20:00:00,UA,138,131,7,0,21.81,5.07,25.95
2025-04-28 20:00:00,2025-04-28 21:00:00,AA,136,134,0,2,10.17,0.00,19.12
2025-04-28 20:00:00,2025-04-28 21:00:00,DL,122,122,0,0,10.43,0.00,24.59
2025-04-28 20:00:00,2025-04-28 21:00:00,UA,81,70,11,0,22.53,13.58,22.86
2025-04-28 20:00:00,2025-04-28 21:00:00,WN,200,198,0,2,8.28,0.00,23.50
2025-04-28 21:00:00,2025-04-28 22:00:00,UA,54,50,4,0,13.62,7.41,18.00
2025-04-28 21:00:00,2025-04-28 22:00:00,AA,87,87,0,0,18.68,0.00,28.74
2025-04-28 21:00:00,2025-04-28 22:00:00,WN,192,189,0,3,9.58,0.00,26.56
2025-04-28 21:00:00,2025-04-28 22:00:00,DL,103,103,0,0,12.22,0.00,27.18
2025-04-28 22:00:00,2025-04-28 23:00:00,WN,16,16,0,0,3.56,0.00,12.50
2025-04-28 22:00:00,2025-04-28 23:00:00,AA,116,116,0,0,23.51,0.00,20.69
2025-04-28 22:00:00,2025-04-28 23:00:00,DL,115,115,0,0,3.09,0.00,12.17
2025-04-28 22:00:00,2025-04-28 23:00:00,UA,34,30,4,0,18.17,11.76,20.00
2025-04-28 23:00:00,2025-04-29 00:00:00,UA,33,33,0,0,4.85,0.00,24.24
2025-04-28 23:00:00,2025-04-29 00:00:00,AA,33,33,0,0,13.48,0.00,6.06
2025-04-28 23:00:00,2025-04-29 00:00:00,DL,33,33,0,0,1.09,0.00,9.09
2025-04-28 23:00:00,2025-04-29 00:00:00,WN,6,6,0,0,3.00,0.00,16.67
2025-04-29 00:00:00,2025-04-29 01:00:00,DL,8,8,0,0,-2.00,0.00,0.00
2025-04-29 00:00:00,2025-04-29 01:00:00,UA,8,8,0,0,-6.38,0.00,0.00
2025-04-29 00:00:00,2025-04-29 01:00:00,AA,9,9,0,0,11.67,0.00,44.44
2025-04-29 01:00:00,2025-04-29 02:00:00,UA,1,1,0,0,649.00,0.00,100.00
2025-04-29 01:00:00,2025-04-29 02:00:00,DL,2,2,0,0,-4.00,0.00,0.00
2025-04-29 01:00:00,2025-04-29 02:00:00,AA,1,1,0,0,-6.00,0.00,0.00
2025-04-29 05:00:00,2025-04-29 06:00:00,WN,91,91,0,0,-1.65,0.00,7.69
2025-04-29 05:00:00,2025-04-29 06:00:00,AA,104,104,0,0,-6.43,0.00,1.92
2025-04-29 05:00:00,2025-04-29 06:00:00,DL,76,76,0,0,-5.89,0.00,5.26
2025-04-29 05:00:00,2025-04-29 06:00:00,UA,38,37,1,0,3.19,2.63,8.11
2025-04-29 06:00:00,2025-04-29 07:00:00,WN,292,292,0,0,-2.59,0.00,2.74
2025-04-29 06:00:00,2025-04-29 07:00:00,UA,126,122,4,0,4.80,3.17,4.92
2025-04-29 06:00:00,2025-04-29 07:00:00,DL,191,191,0,0,3.65,0.00,5.24
2025-04-29 06:00:00,2025-04-29 07:00:00,AA,189,189,0,0,-5.00,0.00,2.12
2025-04-29 07:00:00,2025-04-29 08:00:00,UA,190,188,2,0,-2.51,1.05,5.32
2025-04-29 07:00:00,2025-04-29 08:00:00,WN,231,231,0,0,-2.11,0.00,2.60
2025-04-29 07:00:00,2025-04-29 08:00:00,DL,240,240,0,0,-3.50,0.00,2.92
2025-04-29 07:00:00,2025-04-29 08:00:00,AA,214,214,0,0,5.99,0.00,6.07
2025-04-29 08:00:00,2025-04-29 09:00:00,AA,199,198,1,0,5.28,0.50,10.10
2025-04-29 08:00:00,2025-04-29 09:00:00,UA,159,159,0,0,-3.22,0.00,3.77
2025-04-29 08:00:00,2025-04-29 09:00:00,WN,296,296,0,0,-0.47,0.00,4.05
2025-04-29 08:00:00,2025-04-29 09:00:00,DL,194,194,0,0,4.24,0.00,11.34
2025-04-29 09:00:00,2025-04-29 10:00:00,WN,194,194,0,0,-0.27,0.00,3.61
2025-04-29 09:00:00,2025-04-29 10:00:00,UA,141,140,1,0,3.75,0.71,8.57
2025-04-29 09:00:00,2025-04-29 10:00:00,AA,141,140,1,0,-0.11,0.71,10.00
2025-04-29 09:00:00,2025-04-29 10:00:00,DL,139,139,0,0,2.83,0.00,7.91
2025-04-29 10:00:00,2025-04-29 11:00:00,WN,257,257,0,0,0.83,0.00,6.61
2025-04-29 10:00:00,2025-04-29 11:00:00,AA,152,151,1,0,1.30,0.66,8.61
2025-04-29 10:00:00,2025-04-29 11:00:00,DL,158,158,0,0,-3.25,0.00,4.43
2025-04-29 10:00:00,2025-04-29 11:00:00,UA,128,127,1,0,-0.53,0.78,7.87
2025-04-29 11:00:00,2025-04-29 12:00:00,UA,123,123,0,0,-0.65,0.00,8.13
2025-04-29 11:00:00,2025-04-29 12:00:00,WN,226,226,0,0,4.78,0.00,7.08
2025-04-29 11:00:00,2025-04-29 12:00:00,AA,162,162,0,0,2.88,0.00,12.35
2025-04-29 11:00:00,2025-04-29 12:00:00,DL,211,211,0,0,0.73,0.00,7.58
2025-04-29 12:00:00,2025-04-29 13:00:00,AA,144,143,1,0,7.94,0.69,12.59
2025-04-29 12:00:00,2025-04-29 13:00:00,WN,219,218,1,0,-0.33,0.46,4.13
2025-04-29 12:00:00,2025-04-29 13:00:00,DL,182,182,0,0,0.84,0.00,7.69
2025-04-29 12:00:00,2025-04-29 13:00:00,UA,119,119,0,0,1.82,0.00,5.04
2025-04-29 13:00:00,2025-04-29 14:00:00,AA,146,146,0,0,4.66,0.00,12.33
2025-04-29 13:00:00,2025-04-29 14:00:00,DL,147,147,0,0,0.98,0.00,7.48
2025-04-29 13:00:00,2025-04-29 14:00:00,UA,123,123,0,0,3.00,0.00,8.94
2025-04-29 13:00:00,2025-04-29 14:00:00,WN,242,241,1,0,5.90,0.41,13.28
2025-04-29 14:00:00,2025-04-29 15:00:00,UA,126,126,0,0,3.53,0.00,13.49
2025-04-29 14:00:00,2025-04-29 15:00:00,AA,144,144,0,0,9.76,0.00,11.81
2025-04-29 14:00:00,2025-04-29 15:00:00,WN,221,221,0,0,3.72,0.00,9.95
2025-04-29 14:00:00,2025-04-29 15:00:00,DL,151,151,0,0,0.60,0.00,9.93
2025-04-29 15:00:00,2025-04-29 16:00:00,AA,138,138,0,0,13.71,0.00,10.87
2025-04-29 15:00:00,2025-04-29 16:00:00,WN,223,223,0,0,6.48,0.00,17.49
2025-04-29 15:00:00,2025-04-29 16:00:00,DL,182,182,0,0,4.42,0.00,13.74
2025-04-29 15:00:00,2025-04-29 16:00:00,UA,96,96,0,0,5.71,0.00,15.62
2025-04-29 16:00:00,2025-04-29 17:00:00,AA,142,142,0,0,15.37,0.00,21.83
2025-04-29 16:00:00,2025-04-29 17:00:00,DL,127,127,0,0,0.39,0.00,12.60
2025-04-29 16:00:00,2025-04-29 17:00:00,WN,227,226,1,0,5.24,0.44,15.93
2025-04-29 16:00:00,2025-04-29 17:00:00,UA,139,139,0,0,7.23,0.00,18.71
2025-04-29 17:00:00,2025-04-29 18:00:00,DL,176,176,0,0,1.19,0.00,11.36
2025-04-29 17:00:00,2025-04-29 18:00:00,UA,127,127,0,0,8.09,0.00,14.96
2025-04-29 17:00:00,2025-04-29 18:00:00,AA,155,155,0,0,7.94,0.00,14.19
2025-04-29 17:00:00,2025-04-29 18:00:00,WN,248,247,1,0,10.52,0.40,21.86
2025-04-29 18:00:00,2025-04-29 19:00:00,AA,160,160,0,0,3.10,0.00,11.88
2025-04-29 18:00:00,2025-04-29 19:00:00,DL,166,166,0,0,3.62,0.00,13.86
2025-04-29 18:00:00,2025-04-29 19:00:00,UA,118,118,0,0,9.38,0.00,17.80
2025-04-29 18:00:00,2025-04-29 19:00:00,WN,253,253,0,0,3.31,0.00,13.04
2025-04-29 19:00:00,2025-04-29 20:00:00,UA,128,127,0,1,9.99,0.00,21.88
2025-04-29 19:00:00,2025-04-29 20:00:00,WN,245,245,0,0,11.22,0.00,22.45
2025-04-29 19:00:00,2025-04-29 20:00:00,AA,152,152,0,0,10.84,0.00,13.82
2025-04-29 19:00:00,2025-04-29 20:00:00,DL,129,129,0,0,-0.19,0.00,12.40
2025-04-29 20:00:00,2025-04-29 21:00:00,AA,132,130,0,2,3.45,0.00,13.64
2025-04-29 20:00:00,2025-04-29 21:00:00,UA,76,76,0,0,11.64,0.00,23.68
2025-04-29 20:00:00,2025-04-29 21:00:00,DL,96,96,0,0,-1.85,0.00,8.33
2025-04-29 20:00:00,2025-04-29 21:00:00,WN,191,191,0,0,3.48,0.00,15.71
2025-04-29 21:00:00,2025-04-29 22:00:00,AA,82,81,1,0,4.16,1.22,13.58
2025-04-29 21:00:00,2025-04-29 22:00:00,DL,81,81,0,0,0.42,0.00,7.41
2025-04-29 21:00:00,2025-04-29 22:00:00,WN,95,95,0,0,2.87,0.00,14.74
2025-04-29 21:00:00,2025-04-29 22:00:00,UA,38,38,0,0,-0.24,0.00,10.53
2025-04-29 22:00:00,2025-04-29 23:00:00,UA,33,33,0,0,2.88,0.00,18.18
2025-04-29 22:00:00,2025-04-29 23:00:00,WN,7,7,0,0,-0.57,0.00,0.00
2025-04-29 22:00:00,2025-04-29 23:00:00,AA,103,103,0,0,2.97,0.00,16.50
2025-04-29 22:00:00,2025-04-29 23:00:00,DL,107,107,0,0,-0.72,0.00,8.41
2025-04-29 23:00:00,2025-04-30 00:00:00,AA,31,31,0,0,-5.32,0.00,0.00
2025-04-29 23:00:00,2025-04-30 00:00:00,WN,6,6,0,0,-1.83,0.00,0.00
2025-04-29 23:00:00,2025-04-30 00:00:00,UA,31,31,0,0,4.77,0.00,12.90
2025-04-29 23:00:00,2025-04-30 00:00:00,DL,29,29,0,0,-3.59,0.00,6.90
2025-04-30 00:00:00,2025-04-30 01:00:00,DL,4,4,0,0,-6.75,0.00,0.00
2025-04-30 00:00:00,2025-04-30 01:00:00,UA,7,7,0,0,-2.29,0.00,0.00
2025-04-30 00:00:00,2025-04-30 01:00:00,AA,7,7,0,0,-0.86,0.00,0.00
2025-04-30 01:00:00,2025-04-30 02:00:00,AA,1,1,0,0,0.00,0.00,0.00
2025-04-30 01:00:00,2025-04-30 02:00:00,UA,1,1,0,0,0.00,0.00,0.00
2025-04-30 01:00:00,2025-04-30 02:00:00,DL,2,2,0,0,24.50,0.00,100.00
2025-04-30 05:00:00,2025-04-30 06:00:00,AA,109,102,2,5,-2.17,1.83,9.35
2025-04-30 05:00:00,2025-04-30 06:00:00,WN,91,89,0,2,-2.76,0.00,1.10
2025-04-30 05:00:00,2025-04-30 06:00:00,DL,76,76,0,0,23.41,0.00,5.26
2025-04-30 05:00:00,2025-04-30 06:00:00,UA,38,38,0,0,-2.53,0.00,5.26
2025-04-30 06:00:00,2025-04-30 07:00:00,DL,189,189,0,0,-2.59,0.00,2.65
2025-04-30 06:00:00,2025-04-30 07:00:00,AA,195,180,1,14,-3.00,0.51,4.64
2025-04-30 06:00:00,2025-04-30 07:00:00,WN,292,287,0,5,-1.74,0.00,3.42
2025-04-30 06:00:00,2025-04-30 07:00:00,UA,128,128,0,0,-1.22,0.00,7.03
2025-04-30 07:00:00,2025-04-30 08:00:00,WN,231,227,2,2,-0.04,0.87,3.49
2025-04-30 07:00:00,2025-04-30 08:00:00,UA,192,191,0,1,-1.85,0.00,4.17
2025-04-30 07:00:00,2025-04-30 08:00:00,AA,222,203,2,17,-0.44,0.90,7.27
2025-04-30 07:00:00,2025-04-30 08:00:00,DL,236,234,0,2,-1.71,0.00,3.81
2025-04-30 08:00:00,2025-04-30 09:00:00,WN,296,289,4,3,0.43,1.35,4.45
2025-04-30 08:00:00,2025-04-30 09:00:00,AA,202,183,6,13,2.09,2.97,9.69
2025-04-30 08:00:00,2025-04-30 09:00:00,DL,195,192,0,3,-1.79,0.00,4.10
2025-04-30 08:00:00,2025-04-30 09:00:00,UA,158,156,0,2,2.18,0.00,6.96
2025-04-30 09:00:00,2025-04-30 10:00:00,AA,136,111,19,6,21.26,13.97,18.80
2025-04-30 09:00:00,2025-04-30 10:00:00,DL,139,137,0,2,-1.50,0.00,4.32
2025-04-30 09:00:00,2025-04-30 10:00:00,UA,142,140,2,0,4.64,1.41,11.43
2025-04-30 09:00:00,2025-04-30 10:00:00,WN,193,188,3,2,2.73,1.55,6.32
2025-04-30 10:00:00,2025-04-30 11:00:00,UA,131,130,1,0,16.66,0.76,17.69
2025-04-30 10:00:00,2025-04-30 11:00:00,WN,257,245,12,0,7.39,4.67,10.20
2025-04-30 10:00:00,2025-04-30 11:00:00,DL,160,159,0,1,3.25,0.00,9.38
2025-04-30 10:00:00,2025-04-30 11:00:00,AA,158,124,34,0,43.44,21.52,22.58
2025-04-30 11:00:00,2025-04-30 12:00:00,WN,225,212,12,1,23.85,5.33,22.07
2025-04-30 11:00:00,2025-04-30 12:00:00,AA,165,134,31,0,28.54,18.79,23.13
2025-04-30 11:00:00,2025-04-30 12:00:00,DL,210,210,0,0,9.48,0.00,8.10
2025-04-30 11:00:00,2025-04-30 12:00:00,UA,123,122,1,0,4.06,0.81,9.02
2025-04-30 12:00:00,2025-04-30 13:00:00,UA,122,120,1,1,13.40,0.82,10.74
2025-04-30 12:00:00,2025-04-30 13:00:00,WN,219,200,19,0,21.91,8.68,23.00
2025-04-30 12:00:00,2025-04-30 13:00:00,AA,146,97,49,0,65.44,33.56,27.84
2025-04-30 12:00:00,2025-04-30 13:00:00,DL,182,181,0,1,10.92,0.00,8.79
2025-04-30 13:00:00,2025-04-30 14:00:00,AA,145,122,23,0,32.42,15.86,24.59
2025-04-30 13:00:00,2025-04-30 14:00:00,DL,152,152,0,0,9.97,0.00,12.50
2025-04-30 13:00:00,2025-04-30 14:00:00,UA,127,124,3,0,15.40,2.36,16.94
2025-04-30 13:00:00,2025-04-30 14:00:00,WN,241,229,12,0,23.04,4.98,25.33
2025-04-30 14:00:00,2025-04-30 15:00:00,UA,127,125,1,1,22.38,0.79,21.43
2025-04-30 14:00:00,2025-04-30 15:00:00,WN,221,205,15,1,33.13,6.79,32.52
2025-04-30 14:00:00,2025-04-30 15:00:00,AA,147,119,27,1,59.32,18.37,35.83
2025-04-30 14:00:00,2025-04-30 15:00:00,DL,151,151,0,0,11.61,0.00,13.91
2025-04-30 15:00:00,2025-04-30 16:00:00,AA,141,116,25,0,41.58,17.73,28.45
2025-04-30 15:00:00,2025-04-30 16:00:00,UA,99,97,1,1,24.33,1.01,27.55
2025-04-30 15:00:00,2025-04-30 16:00:00,DL,183,183,0,0,7.80,0.00,16.39
2025-04-30 15:00:00,2025-04-30 16:00:00,WN,223,217,6,0,28.16,2.69,35.94
2025-04-30 16:00:00,2025-04-30 17:00:00,AA,150,126,24,0,46.40,16.00,33.33
2025-04-30 16:00:00,2025-04-30 17:00:00,WN,226,215,11,0,28.96,4.87,35.81
2025-04-30 16:00:00,2025-04-30 17:00:00,DL,130,129,0,1,13.95,0.00,19.23
2025-04-30 16:00:00,2025-04-30 17:00:00,UA,141,139,0,2,30.04,0.00,22.70
2025-04-30 17:00:00,2025-04-30 18:00:00,AA,157,129,27,1,33.08,17.20,33.85
2025-04-30 17:00:00,2025-04-30 18:00:00,DL,176,176,0,0,7.76,0.00,11.36
2025-04-30 17:00:00,2025-04-30 18:00:00,UA,133,132,1,0,20.76,0.75,26.52
2025-04-30 17:00:00,2025-04-30 18:00:00,WN,247,239,8,0,29.71,3.24,35.56
2025-04-30 18:00:00,2025-04-30 19:00:00,UA,136,131,0,5,18.03,0.00,20.59
2025-04-30 18:00:00,2025-04-30 19:00:00,AA,164,139,25,0,33.04,15.24,41.73
2025-04-30 18:00:00,2025-04-30 19:00:00,WN,253,241,12,0,29.25,4.74,40.25
2025-04-30 18:00:00,2025-04-30 19:00:00,DL,169,169,0,0,15.82,0.00,20.12
2025-04-30 19:00:00,2025-04-30 20:00:00,UA,139,134,0,5,34.22,0.00,38.85
2025-04-30 19:00:00,2025-04-30 20:00:00,WN,245,238,5,2,28.00,2.04,39.17
2025-04-30 19:00:00,2025-04-30 20:00:00,AA,155,133,22,0,53.95,14.19,41.35
2025-04-30 19:00:00,2025-04-30 20:00:00,DL,130,129,0,1,9.02,0.00,16.92
2025-04-30 20:00:00,2025-04-30 21:00:00,AA,133,115,18,0,24.63,13.53,28.70
2025-04-30 20:00:00,2025-04-30 21:00:00,UA,84,79,0,5,38.90,0.00,44.05
2025-04-30 20:00:00,2025-04-30 21:00:00,WN,191,184,7,0,27.83,3.66,38.59
2025-04-30 20:00:00,2025-04-30 21:00:00,DL,98,98,0,0,9.97,0.00,21.43
2025-04-30 21:00:00,2025-04-30 22:00:00,UA,57,54,1,2,33.09,1.75,30.36
2025-04-30 21:00:00,2025-04-30 22:00:00,WN,95,86,9,0,33.22,9.47,55.81
2025-04-30 21:00:00,2025-04-30 22:00:00,AA,87,77,10,0,32.17,11.49,31.17
2025-04-30 21:00:00,2025-04-30 22:00:00,DL,82,82,0,0,9.45,0.00,19.51
2025-04-30 22:00:00,2025-04-30 23:00:00,UA,37,36,1,0,7.33,2.70,19.44
2025-04-30 22:00:00,2025-04-30 23:00:00,WN,7,7,0,0,0.71,0.00,0.00
2025-04-30 22:00:00,2025-04-30 23:00:00,DL,108,107,0,1,10.63,0.00,12.04
2025-04-30 22:00:00,2025-04-30 23:00:00,AA,110,102,8,0,26.46,7.27,28.43
2025-04-30 23:00:00,2025-05-01 00:00:00,DL,28,27,0,1,6.82,0.00,17.86
2025-04-30 23:00:00,2025-05-01 00:00:00,WN,6,6,0,0,6.00,0.00,33.33
2025-04-30 23:00:00,2025-05-01 00:00:00,AA,31,29,2,0,23.48,6.45,13.79
2025-04-30 23:00:00,2025-05-01 00:00:00,UA,37,37,0,0,27.35,0.00,27.03
